Ligand ID,SMILES
lysophosphatidic acid,CCCCCCCC/C=C/CCCCCCCC(=O)OC[C@@H](O)COP(=O)(O)O
3-hydroxyoctanoic acid,CCCCC[C@H](O)CC(=O)O
docosahexaenoic acid,CC/C=C\C/C=C\C/C=C\C/C=C\C/C=C\C/C=C\CCC(=O)O
butyric acid,CCCC(=O)O
CVN424,CC(=O)N1CCc2nc(N3CCC(Oc4ccc(F)cc4F)CC3)c(N[C@@H]3CCOC3)nc2C1
CHEMBL4763822,Cc1cc2nc(NC(C)C)c(N3CCN(Cc4ccc(F)cc4F)CC3)nc2cn1
oleic acid,CCCCCCCC/C=C\CCCCCCCC(=O)O
CHEMBL410972,CC[C@H](C)[C@H](NC(=O)[C@H](Cc1ccccc1)NC(=O)[C@H](CCC(=O)O)NC(=O)[C@H](CCCCN)NC(=O)[C@H](C)NC(=O)[C@H](C)NC(=O)[C@H](CCC(N)=O)NC(=O)CNC(=O)[C@H](CCC(=O)O)NC(=O)[C@H](CC(C)C)NC(=O)[C@H](Cc1ccc(O)cc1)NC(=O)[C@H](CO)NC(=O)[C@H](CO)NC(=O)[C@@H](NC(=O)[C@H](CC(=O)O)NC(=O)[C@H](CO)NC(=O)[C@@H](NC(=O)[C@H](Cc1ccccc1)NC(=O)[C@@H](NC(=O)CNC(=O)[C@H](CCC(=O)O)NC(=O)[C@H](C)NC(=O)[C@@H](N)Cc1cnc[nH]1)[C@@H](C)O)[C@@H](C)O)C(C)C)C(=O)N[C@@H](C)C(=O)N[C@@H](Cc1c[nH]c2ccccc12)C(=O)N[C@@H](CC(C)C)C(=O)N[C@H](C(=O)N[C@@H](CCCCN)C(=O)NCC(=O)N[C@@H](CCCNC(=N)N)C(N)=O)C(C)C
LY379268,N[C@@]1(C(=O)O)CO[C@@H]2[C@H]1[C@H]2C(=O)O
flufenamic acid,O=C(O)c1ccccc1Nc1cccc(C(F)(F)F)c1
taranabant,C[C@H](NC(=O)C(C)(C)Oc1ccc(C(F)(F)F)cn1)[C@@H](Cc1ccc(Cl)cc1)c1cccc(C#N)c1
CHEMBL5422946,O=C1C[C@H](c2nc(-c3ccc(F)c4cn[nH]c34)no2)CCCN1c1ccc(F)cc1
4-(n-propyl)amino-3-nitrobenzoic acid,CCCNc1ccc(C(=O)O)cc1[N+](=O)[O-]
Noradrenaline,[NH3+]C[C@H](O)c1ccc(O)c(O)c1
Carazolol,CC(C)NC[C@H](O)COc1cccc2[nH]c3ccccc3c12
PAF,CCCCCCCCCCCCCCCCOC[C@H](COP(=O)([O-])OCC[N+](C)(C)C)OC(C)=O
"quisqualate
VU0424465",N[C@@H](Cn1oc(=O)[nH]c1=O)C(=O)O
quisqualate,N[C@@H](Cn1oc(=O)[nH]c1=O)C(=O)O
"quisqualate
VU-29",N[C@@H](Cn1oc(=O)[nH]c1=O)C(=O)O
DCA-3P,C[C@H](CCC(=O)O)[C@H]1CC[C@H]2[C@@H]3CC[C@@H]4C[C@H](OP(=O)(O)O)CC[C@]4(C)[C@H]3C[C@H](O)[C@@]21C
VU0155041,O=C(Nc1cc(Cl)cc(Cl)c1)[C@H]1CCCC[C@H]1C(=O)O
METHAMPHETAMINE,CN[C@@H](C)Cc1ccccc1
histamine,NCCc1cnc[nH]1
imetit,N=C(N)SCCc1cnc[nH]1
ENDOTHELIN,CC[C@H](C)[C@H](NC(=O)[C@H](CC(=O)O)NC(=O)[C@H](CC(C)C)NC(=O)[C@H](Cc1c[nH]cn1)NC(=O)[C@@H]1CSSC[C@@H](N)C(=O)N[C@H](CO)C(=O)N[C@H]2CSSC[C@@H](NC(=O)[C@H](CCC(=O)O)NC(=O)[C@H](CCCCN)NC(=O)[C@@H](CC(=O)O)NC(=O)[C@H](CCSC)NC(=O)[C@@H](CC(C)C)NC(=O)[C@H](CO)NC(=O)[C@@H](CO)NC2=O)C(=O)N[C@@H](C(C)C)C(=O)N[C@H](Cc2ccc(O)cc2)C(=O)N[C@@H](Cc2ccccc2)C(=O)N1)C(=O)N[C@H](C(=O)N[C@@H](Cc1c[nH]c2ccccc12)C(=O)O)[C@@H](C)CC
nicotinic acid,O=C(O)c1cccnc1
dexmedetomidine,Cc1cccc([C@H](C)c2c[nH]cn2)c1C
(-)-adrenaline,CNC[C@H](O)c1ccc(O)c(O)c1
cis-epoxysuccinic acid,O=C(O)[C@H]1O[C@H]1C(=O)O
succinic acid,O=C(O)CCC(=O)O
Lysergide,CCN(CC)C(=O)[C@@H]1C=C2c3cccc4[nH]cc(c34)C[C@H]2N(C)C1
CHEMBL4277264,Cc1cc(Oc2nccc3occc23)ccc1-c1c(C)ncc2nccn12
dopamine,NCCc1ccc(O)c(O)c1
"(1S,4R,5R,6S)-4-amino-2-oxabicyclo[3.1.0]hexane-4,6-dicarboxylic acid",N[C@@]1(C(=O)O)CO[C@@H]2[C@@H](C(=O)O)[C@@H]21
LY341495,N[C@](CC1c2ccccc2Oc2ccccc21)(C(=O)O)[C@H]1C[C@@H]1C(=O)O
aristolochic acid,COc1cccc2c1cc([N+](=O)[O-])c1c(C(=O)O)cc3c(c12)OCO3
Cholesterol,CC(C)CCC[C@@H](C)[C@H]1CC[C@H]2[C@@H]3CC=C4C[C@@H](O)CC[C@]4(C)[C@H]3CC[C@@]21C
3-[(1R)-1-(2-methoxyphenyl)-2-nitro-ethyl]-2-phenyl-1H-indole,COc1ccccc1[C@H](C[N+](=O)[O-])c1c(-c2ccccc2)[nH]c2ccccc12
3-[(1S)-1-(furan-2-yl)-2-nitro-ethyl]-2-phenyl-1H-indole,O=[N+]([O-])C[C@@H](c1ccco1)c1c(-c2ccccc2)[nH]c2ccccc12
4-{(3R)-1-[(1R)-1-(pyrimidin-2-yl)ethyl]piperidin-3-yl}phenol,C[C@H](c1ncccn1)N1CCC[C@H](c2ccc(O)cc2)C1
lisuride,CCN(CC)C(=O)N[C@H]1C=C2c3cccc4[nH]cc(c34)C[C@H]2N(C)C1
maleic acid,O=C(O)/C=C\C(=O)O
CHEMBL216166,CSCC[C@H](NC(=O)[C@H](Cc1ccc(O)cc1)NC(=O)[C@@H](N)CC(=O)O)C(=O)NCC(=O)N[C@@H](Cc1c[nH]c2ccccc12)C(=O)N[C@@H](CCSC)C(=O)N[C@@H](CC(=O)O)C(=O)N[C@@H](Cc1ccccc1)C(N)=O
5-MeO-DMT,COc1ccc2[nH]cc(CCN(C)C)c2c1
vilazodone,N#Cc1ccc2[nH]cc(CCCCN3CCN(c4ccc5oc(C(N)=O)cc5c4)CC3)c2c1
CHEMBL352186,COc1ccc2[nH]cc(CCN3CCCC3)c2c1F
buspirone,O=C1CC2(CCCC2)CC(=O)N1CCCCN1CCN(c2ncccn2)CC1
CHEMBL4782438,CCCCCCCC/C=C\CCCCCCCC(=O)OC[C@@H](COCC)OP(=O)(O)OC[C@H](N)C(=O)O
SETIPTILINE,CN1CCC2=C(C1)c1ccccc1Cc1ccccc12
CHEMBL252719,CN1CCN2c3ccccc3Cc3ccccc3[C@H]2C1
Cl-IB-MECA,CNC(=O)[C@H]1O[C@@H](n2cnc3c(NCc4cccc(I)c4)nc(Cl)nc32)[C@H](O)[C@@H]1O
piclidenoson,CNC(=O)[C@H]1O[C@@H](n2cnc3c(NCc4cccc(I)c4)ncnc32)[C@H](O)[C@@H]1O
"Cyclomethyltryptophan
tecalcet",O=C(O)[C@@H]1Cc2c([nH]c3ccccc23)CN1
fulvestrant,C[C@]12CC[C@@H]3c4ccc(O)cc4C[C@@H](CCCCCCCCCS(=O)CCCC(F)(F)C(F)(F)F)[C@H]3[C@@H]1CC[C@@H]2O
PGE2,CCCCC[C@H](O)/C=C/[C@H]1[C@H](O)CC(=O)[C@@H]1C/C=C\CCCC(=O)O
N-oleoylethanolamide,CCCCCCCC/C=C\CCCCCCCC(=O)NCCO
MDMB-Fubinaca,COC(=O)[C@@H](NC(=O)c1nn(Cc2ccc(F)cc2)c2ccccc12)C(C)(C)C
YL-365,O=C(Cc1ccc(OCc2ccccc2)cc1)NC1(C(=O)O)CCN(C(=O)c2ccc(-c3cccc(Cl)c3)cc2)CC1
clozapine,CN1CCN(C2=Nc3cc(Cl)ccc3Nc3ccccc32)CC1
CHEMBL213912,CN1CCN(C2=Nc3ccc(Cl)cc3Oc3ccccc32)CC1
clobenpropit,NC(=NCc1ccc(Cl)cc1)SCCCc1cnc[nH]1
plerixafor,c1cc(CN2CCCNCCNCCCNCC2)ccc1CN1CCCNCCNCCCNCC1
"(5R,6R)-6-(methylamino)-5,6,7,8-tetrahydronaphthalene-1,2,5-triol",CN[C@@H]1CCc2c(ccc(O)c2O)[C@H]1O
palmitic acid,CCCCCCCCCCCCCCCC(=O)O
GSK256073,CCCCCn1c(=O)[nH]c(=O)c2[nH]c(Cl)nc21
monomethyl fumarate,COC(=O)/C=C/C(=O)O
5-Methyl-4-oxidanyl-pyrazin-4-ium-2-carboxylic acid,Cc1c[nH]c(C(=O)O)c[n+]1=O
MK 6892,CC(C)(Cc1nc(-c2ccc(O)cn2)no1)C(=O)NC1=C(C(=O)O)CCCC1
treprostinil,CCCCC[C@H](O)CC[C@@H]1[C@H]2Cc3cccc(OCC(=O)O)c3C[C@H]2C[C@H]1O
MRE-269,CC(C)N(CCCCOCC(=O)O)c1cnc(-c2ccccc2)c(-c2ccccc2)n1
"1-(4-fluorophenyl)-4-[(7R)-2,5,11-triazatetracyclo[7.6.1.0^2,7.0^12,16]hexadeca-1(15),9,12(16),13-tetraen-5-yl]butan-1-one",O=C(CCCN1CCN2c3cccc4[nH]cc(c34)C[C@@H]2C1)c1ccc(F)cc1
AM841,CC(C)(CCCCCCN=C=S)c1cc(O)c2c(c1)OC(C)(C)[C@@H]1CC[C@@H](CO)C[C@@H]21
latanoprost (free acid form),O=C(O)CCC/C=C\C[C@H]1[C@@H](O)C[C@@H](O)[C@@H]1CC[C@@H](O)CCc1ccccc1
PGF2α,CCCCC[C@H](O)/C=C/[C@H]1[C@H](O)C[C@H](O)[C@@H]1C/C=C\CCCC(=O)O
U46619,CCCCC[C@H](O)/C=C/[C@@H]1[C@@H](C/C=C\CCCC(=O)O)[C@H]2CO[C@@H]1C2
FENOFIBRATE,CC(C)OC(=O)C(C)(C)Oc1ccc(C(=O)c2ccc(Cl)cc2)cc1
"L-tryptophan
cinacalcet",N[C@@H](Cc1c[nH]c2ccccc12)C(=O)O
"L-tryptophan
L-tryptophan",N[C@@H](Cc1c[nH]c2ccccc12)C(=O)O
CHEMBL5268017,COc1ccccc1Oc1cccc(CN2CCC3(CC2)C(=O)NCN3CCc2ccccc2)c1
ZK 756326,OCCOCCN1CCN(Cc2cccc(Oc3ccccc3)c2)CC1
Carboprost,CCCCC[C@](C)(O)/C=C/[C@H]1[C@H](O)C[C@H](O)[C@@H]1C/C=C\CCCC(=O)O
Acetic acid,CC(=O)[O-]
CHEMBL4176503,Cc1noc(C)c1-c1ccc(C(=O)N2[C@H](C(=O)O)CS[C@@H]2c2ccccc2Cl)cc1
"pentanoic acid
(4R)-N-[2,5-bis(chloranyl)phenyl]-4-(furan-2-yl)-2-methyl-5-oxidanylidene-4,6,7,8-tetrahydro-1H-quinoline-3-carboxamide",CCCCC(=O)O
"(2S,3S,4R,5R)-5-(6-amino-2-((E)-phenyldiazenyl)-9H-purin-9-yl)-N-ethyl-3,4-dihydroxytetrahydrofuran-2-carboxamide",CCNC(=O)[C@H]1O[C@@H](n2cnc3c(N)nc(N=Nc4ccccc4)nc32)[C@H](O)[C@@H]1O
TUG-891,Cc1ccc(-c2ccc(F)cc2COc2ccc(CCC(=O)O)cc2)cc1
desloratadine,Clc1ccc2c(c1)CCc1cccnc1C2=C1CCNCC1
mepyramine,COc1ccc(CN(CCN(C)C)c2ccccn2)cc1
astemizole,COc1ccc(CCN2CCC(Nc3nc4ccccc4n3Cc3ccc(F)cc3)CC2)cc1
"(2S,5R)-5-[(1E,3S)-4,4-difluoro-3-hydroxy-4-phenylbut-1-en-1-yl]-1-[6-(1H-tetrazol-5-yl)hexyl]pyrrolidin-2-ol",O[C@H]1CC[C@H](/C=C/[C@H](O)C(F)(F)c2ccccc2)N1CCCCCCc1nn[nH]n1
"4-({2-[(1R,2R,3R,5S)-3,5-dihydroxy-2-{(3S)-3-hydroxy-4-[3-(methoxymethyl)phenyl]butyl}cyclopentyl]ethyl}sulfanyl)butanoic acid",COCc1cccc(C[C@@H](O)CC[C@H]2[C@H](O)C[C@H](O)[C@@H]2CCSCCCC(=O)O)c1
CHEMBL3684869,CC[C@@H](C[C@H]1COC(N)=N1)c1ccccc1
"(5S)-5-[(3R)-4,4-difluoro-3-hydroxy-4-phenylbutyl]-1-[6-(1H-tetrazol-5-yl)hexyl]pyrrolidin-2-one",O=C1CC[C@H](CC[C@@H](O)C(F)(F)c2ccccc2)N1CCCCCCc1nn[nH]n1
2-Phenylethanaminium,[NH3+]CCc1ccccc1
CHEMBL476516,NCCc1ccc(Br)cc1
β-D-hydroxybutyric acid,C[C@@H](O)CC(=O)O
CHEMBL1921858,CC[C@H]1CN(c2nc(N)c(C(N)=O)nc2Cl)CCN1C1CCN(Cc2ccc(Cl)cc2)CC1
CHEMBL397983,CCOc1ccc(-n2c([C@@H](C)N(Cc3cccnc3)C(=O)Cc3ccc(OC(F)(F)F)cc3)nc3ncccc3c2=O)cc1
CHEMBL2220409,CC1(C)[C@H]2CC=C(C[N+](C)(C)Cc3ccc(-c4ccccc4Br)cc3)[C@@H]1C2
"(3S)-N-[(2S)-5-carbamimidamido-1-(cyclohexylmethylamino)-1-oxidanylidene-pentan-2-yl]-2-(4-oxidanylidene-4-phenyl-butanoyl)-3,4-dihydro-1H-isoquinoline-3-carboxamide",NC(N)=NCCC[C@H](NC(=O)[C@@H]1Cc2ccccc2CN1C(=O)CCC(=O)c1ccccc1)C(=O)NCC1CCCCC1
ulotaront,CNC[C@@H]1OCCc2ccsc21
"cinacalcet
Calcium",C[C@@H](NCCCc1cccc(C(F)(F)F)c1)c1cccc2ccccc12
fenoldopam,Oc1ccc(C2CNCCc3c2cc(O)c(O)c3Cl)cc1
dexamfetamine,C[C@H](N)Cc1ccccc1
ralmitaront,CCc1[nH]nc(C(=O)Nc2ccc([C@H]3CNCCO3)cc2)c1C
CHEMBL1182312,NCCc1ccc(Oc2ccc(O)cc2)c(I)c1
"(1~{S},3~{R})-3-(1-adamantyl)-1-(aminomethyl)-3,4-dihydro-1~{H}-isochromene-5,6-diol",NC[C@H]1O[C@@H](C23CC4CC(CC(C4)C2)C3)Cc2c1ccc(O)c2O
LYSOPHOSPHATIDIC ACID,CCCCCCCC/C=C\CCCCCCCC(=O)OC[C@@H](O)COP(=O)(O)O
"LYSOPHOSPHATIDIC ACID
L-serine",CCCCCCCC/C=C\CCCCCCCC(=O)OC[C@@H](O)COP(=O)(O)O
"6-Octylimino-1,3-diazinane-2,4-dione",CCCCCCCCN=C1CC(=O)NC(=O)N1
theophylline,Cn1c(=O)c2[nH]cnc2n(C)c1=O
Lysophosphotidylserine,CCCCCCCCCCCCCC[C@H](O)OC[C@@H](O)COP(=O)(O)OC[C@H](N)C(=O)O
9-hydroxyoctadecadienoic acid,CCCCC/C=C\C=C\[C@@H](O)CCCCCCCC(=O)O
CHEMBL3354065,CCCCC1CCN(CCCN2C(=O)CCc3ccccc32)CC1
NOX-6-7,Cc1c(C(=O)O)oc2ccc(NC(=O)CCC(=O)c3ccccc3)cc12
CDPPB,N#Cc1cccc(C(=O)Nc2cc(-c3ccccc3)nn2-c2ccccc2)c1
"quisqualate
CDPPB",N[C@@H](Cn1oc(=O)[nH]c1=O)C(=O)O
O-[(S)-Hydroxy{[(2s)-2-Hydroxy-3-(Octadec-9-Enoyloxy)propyl]oxy}phosphoryl]-L-Serine,CCCCCCCCC=CCCCCCCCC(=O)OC[C@H](O)COP(=O)(O)OC[C@H](N)C(=O)O
compound 1 [PMID: 37741852],CCOc1cc(C)nc(N(CCOC)S(=O)(=O)c2ccc(NCc3c(F)cncc3F)nc2OC)n1
INTERMEDINE,CSCC[C@H](NC(=O)[C@H](CO)NC(=O)[C@H](Cc1ccc(O)cc1)NC(=O)[C@H](CO)NC(C)=O)C(=O)N[C@@H](CCC(=O)O)C(=O)N[C@@H](Cc1cnc[nH]1)C(=O)N[C@@H](Cc1ccccc1)C(=O)N[C@@H](CCCNC(=N)N)C(=O)N[C@@H](Cc1c[nH]c2ccccc12)C(=O)NCC(=O)N[C@@H](CCCCN)C(=O)N1CCC[C@H]1C(=O)N[C@H](C(N)=O)C(C)C
xanomeline,CCCCCCOc1nsnc1C1=CCCN(C)C1
"8-(4-bromo-2,6-dimethoxyphenyl)-N-butyl-N-(cyclopropylmethyl)-2,7-dimethylpyrazolo[1,5-a][1,3,5]triazin-4-amine",CCCCN(CC1CC1)c1nc(C)nc2c(-c3c(OC)cc(Br)cc3OC)c(C)nn12
"8-(4-bromo-2,6-dimethoxyphenyl)-N,N-bis(2-methoxyethyl)-2,7-dimethylpyrazolo[1,5-a][1,3,5]triazin-4-amine",COCCN(CCOC)c1nc(C)nc2c(-c3c(OC)cc(Br)cc3OC)c(C)nn12
"7-(4-bromanyl-2,6-dimethoxy-phenyl)-4,8-dimethyl-~{N},~{N}-bis[4,4,4-tris(fluoranyl)butyl]-1$l^{4},3,5,9-tetrazabicyclo[4.3.0]nona-1(6),2,4,8-tetraen-2-amine",COc1cc(Br)cc(OC)c1C1C(C)=N[n+]2c1nc(C)nc2N(CCCC(F)(F)F)CCCC(F)(F)F
ARFORMOTEROL,COc1ccc(C[C@@H](C)NC[C@H](O)c2ccc(O)c(NC=O)c2)cc1
olodaterol,COc1ccc(CC(C)(C)NC[C@H](O)c2cc(O)cc3c2OCC(=O)N3)cc1
CHEMBL1160734,C=CCc1ccccc1OC[C@@H](O)CNC(C)C
"nicotinic acid
compound 9n [PMID: 18752940]",O=C(O)c1cccnc1
compound 9n [PMID: 18752940],Cc1c(C(=O)N[C@H](C)COc2ccccc2)cnc2c(-c3ccc(C(C)C)cc3)cnn12
CHEMBL1671936,CC(C)(C)CC(=O)Nc1c(F)cc(C(=O)Nc2nccs2)cc1F
(5S)-5-methyl-4-oxo-5-phenylfuran-2-carboxylic acid,C[C@@]1(c2ccccc2)OC(C(=O)O)=CC1=O
5-butyl-1H-pyrazole-3-carboxylic acid,CCCCc1cc(C(=O)O)n[nH]1
CHEMBL133451,CS(=O)(=O)Nc1c(O)ccc2c1CCC[C@@H]2C1=NCCN1
PCO371,Cc1cc(N2C(=O)NC(=O)C2(C)C)cc(C)c1CCS(=O)(=O)N1CCC2(CC1)N=C(c1ccc(OC(F)(F)F)cc1)NC2=O
AB928,Cc1c(C#N)cccc1-c1cc(-c2cn(Cc3cccc(C(C)(C)O)n3)nn2)nc(N)n1
tafluprost acid,O=C(O)CCC/C=C\C[C@H]1[C@@H](O)C[C@@H](O)[C@@H]1/C=C/C(F)(F)COc1ccccc1
tamsulosin,CCOc1ccccc1OCCN[C@H](C)Cc1ccc(OC)c(S(N)(=O)=O)c1
oxymetazoline,Cc1cc(C(C)(C)C)c(O)c(C)c1CC1=NCCN1
CHEMBL365751,Cc1[nH]c2ccc(Cl)cc2c1CCN(C)C
rotigotine,CCCN(CCc1cccs1)[C@H]1CCc2c(O)cccc2C1
GW9508,O=C(O)CCc1ccc(NCc2cccc(Oc3ccccc3)c2)cc1
"derivative 17 [Nakahata et al., 2018]",Cc1nn(-c2cccc3cc(Cc4cccc(C(F)(F)F)c4)sc23)c(CO)c1C(=O)NCCO
(3R)-3-HYDROXYDODECANOIC ACID,CCCCCCCCC[C@@H](O)CC(=O)O
"6-nonylpyridine-2,4-diol",CCCCCCCCCc1cc(O)cc(=O)[nH]1
L-glutamic acid,N[C@@H](CCC(=O)O)C(=O)O
"L-glutamic acid
JNJ-40411813",N[C@@H](CCC(=O)O)C(=O)O
"L-glutamic acid
ADX88178
JNJ-40411813",N[C@@H](CCC(=O)O)C(=O)O
"L-glutamic acid
CHEMBL3894759",N[C@@H](CCC(=O)O)C(=O)O
VU0364770,O=C(Nc1cccc(Cl)c1)c1ccccn1
CHEMBL4208628,CCCCC/C=C\[C@H](C)/C=C\C/C=C\C/C=C\CCCC(=O)N[C@H](C)CO
fasiglifam,Cc1cc(OCCCS(C)(=O)=O)cc(C)c1-c1cccc(COc2ccc3c(c2)OC[C@H]3CC(=O)O)c1
CHEMBL2179724,CCCCCCC(C)(C)c1cc(OC)c([C@H]2C=C(CO)[C@H]3C[C@@H]2C3(C)C)c(OC)c1
CP55940,CCCCCCC(C)(C)c1ccc([C@@H]2C[C@H](O)CC[C@H]2CCCO)c(O)c1
olorinab,CC(C)(C)[C@@H](CO)NC(=O)c1nn(-c2c[n+]([O-])ccn2)c2c1C[C@@H]1C[C@H]21
"1-[[4-[5-Fluoro-6-[(oxan-4-ylamino)methyl]pyridin-2-yl]phenyl]methyl]-3-(2-methylpropyl)imidazolidine-2,4-dione",CC(C)CN1C(=O)CN(Cc2ccc(-c3ccc(F)c(CNC4CCOCC4)n3)cc2)C1=O
NECA,CCNC(=O)[C@H]1O[C@@H](n2cnc3c(N)ncnc32)[C@H](O)[C@@H]1O
BAY 60-6583,N#Cc1c(N)nc(SCC(N)=O)c(C#N)c1-c1ccc(OCC2CC2)cc1
CHEMBL277863,COC(=O)N1CCN(C(=O)Cc2ccc(Cl)c(Cl)c2)[C@H](CN2CCCC2)C1
SALVINORIN B METHOXYMETHYL ETHER,COCO[C@H]1C[C@@H](C(=O)OC)[C@]2(C)CC[C@H]3C(=O)O[C@H](c4ccoc4)C[C@]3(C)[C@H]2C1=O
abaloparatide,CC[C@H](C)[C@H](NC(=O)[C@H](CO)NC(=O)[C@H](CCCCN)NC(=O)CNC(=O)[C@H](CCCCN)NC(=O)[C@H](CC(=O)O)NC(=O)[C@H](Cc1c[nH]cn1)NC(=O)[C@H](CC(C)C)NC(=O)[C@H](CC(C)C)NC(=O)[C@H](CCC(N)=O)NC(=O)[C@H](Cc1c[nH]cn1)NC(=O)[C@H](CCC(=O)O)NC(=O)[C@H](CO)NC(=O)[C@@H](NC(=O)[C@H](C)N)C(C)C)C(=O)N[C@@H](CCC(N)=O)C(=O)N[C@@H](CC(=O)O)C(=O)N[C@@H](CC(C)C)C(=O)N[C@@H](CCCNC(=N)N)C(=O)N[C@@H](CCCNC(=N)N)C(=O)N[C@@H](CCCNC(=N)N)C(=O)N[C@@H](CCC(=O)O)C(=O)N[C@@H](CC(C)C)C(=O)N[C@@H](CC(C)C)C(=O)N[C@@H](CCC(=O)O)C(=O)N[C@@H](CCCCN)C(=O)N[C@@H](CC(C)C)C(=O)N[C@@H](CC(C)C)C(=O)NC(C)(C)C(=O)N[C@@H](CCCCN)C(=O)N[C@@H](CC(C)C)C(=O)N[C@@H](Cc1c[nH]cn1)C(=O)N[C@H](C(=O)N[C@@H](C)C(N)=O)[C@@H](C)O
PALTUSOTINE,N#Cc1cccc(-c2ccc3ncc(-c4cc(F)cc(F)c4)c(N4CCC(N)CC4)c3c2)c1O
erythromycin,CC[C@H]1OC(=O)[C@H](C)[C@@H](O[C@H]2C[C@@](C)(OC)[C@@H](O)[C@H](C)O2)[C@H](C)[C@@H](O[C@@H]2O[C@H](C)C[C@H](N(C)C)[C@H]2O)[C@](C)(O)C[C@@H](C)C(=O)[C@H](C)[C@@H](O)[C@]1(C)O
nalfurafine,CN(C(=O)/C=C/c1ccoc1)[C@@H]1CC[C@@]2(O)[C@H]3Cc4ccc(O)c5c4[C@@]2(CCN3CC2CC2)[C@H]1O5
istradefylline,CCn1c(=O)c2c(nc(/C=C/c3ccc(OC)c(OC)c3)n2C)n(CC)c1=O
Sipagladenant,Cc1ccc(C(=O)Nc2nc(-c3ccco3)c(C(=O)C3CCOCC3)s2)cn1
propanoic acid,CCC(=O)O
EPA,CC/C=C\C/C=C\C/C=C\C/C=C\C/C=C\CCCC(=O)O
9-Hydroxyoctadecanoic acid,CCCCCCCCC[C@H](O)CCCCCCCC(=O)O
linoleic acid,CCCCC/C=C\C/C=C\CCCCCCCC(=O)O
ZM-241385,Nc1nc(NCCc2ccc(O)cc2)nc2nc(-c3ccco3)nn12
DC591053,CCOc1cc2c(cc1OC)CCN(C(=O)N1CCOCC1)[C@H]2CCc1c[nH]c2ccc(OC)cc12
CHEMBL4522365,CCc1cc(O)cc2c(/C=N/NC(=N)NCCc3ccc(Cl)cc3)c[nH]c12
PD 176252,COc1ccc(C2(CNC(=O)[C@](C)(Cc3c[nH]c4ccccc34)NC(=O)Nc3ccc([N+](=O)[O-])cc3)CCCCC2)nc1
(2~{S})-2-$l^{4}-azanyl-3-[[(2~{R})-3-octadecanoyloxy-2-oxidanyl-propoxy]-oxidanyl-oxidanylidene-$l^{6}-phosphanyl]oxy-propanoic acid,CCCCCCCCCC(=O)OC[C@@H](O)COP(=O)(O)OC[C@H](N)C(=O)O
lodoxamide,N#Cc1cc(NC(=O)C(=O)O)c(Cl)c(NC(=O)C(=O)O)c1
adenosine,Nc1ncnc2c1ncn2[C@@H]1O[C@H](CO)[C@@H](O)[C@H]1O
AR231453,CC(C)c1noc(C2CCN(c3ncnc(Nc4ccc(S(C)(=O)=O)cc4F)c3[N+](=O)[O-])CC2)n1
MBX-2982,CCc1cnc(N2CCC(c3nc(COc4ccc(-n5cnnn5)cc4)cs3)CC2)nc1
DELTORPHIN II,CC(C)[C@H](NC(=O)[C@H](CCC(=O)O)NC(=O)[C@H](Cc1ccccc1)NC(=O)[C@@H](C)NC(=O)[C@@H](N)Cc1ccc(O)cc1)C(=O)N[C@H](C(=O)NCC(N)=O)C(C)C
iperoxo,C[N+](C)(C)CC#CCOC1=NOCC1
Clozapine N-oxide,C[N+]1([O-])CCN(C2=Nc3cc(Cl)ccc3Nc3ccccc32)CC1
CHEMBL73538,CN1CCN(C2=Nc3ccccc3Nc3ccccc32)CC1
lemborexant,Cc1ncc(OC[C@@]2(c3cccc(F)c3)C[C@H]2C(=O)Nc2ccc(F)cn2)c(C)n1
Vasoactive intestinal polypeptide,CC[C@H](C)[C@H](NC(=O)[C@H](CO)NC(=O)[C@H](CC(N)=O)NC(=O)[C@H](CC(C)C)NC(=O)[C@H](Cc1ccc(O)cc1)NC(=O)[C@H](CCCCN)NC(=O)[C@H](CCCCN)NC(=O)[C@@H](NC(=O)[C@H](C)NC(=O)[C@H](CCSC)NC(=O)[C@H](CCC(N)=O)NC(=O)[C@H](CCCCN)NC(=O)[C@H](CCCNC(=N)N)NC(=O)[C@H](CC(C)C)NC(=O)[C@H](CCCNC(=N)N)NC(=O)[C@@H](NC(=O)[C@H](Cc1ccc(O)cc1)NC(=O)[C@H](CC(N)=O)NC(=O)[C@H](CC(=O)O)NC(=O)[C@@H](NC(=O)[C@H](Cc1ccccc1)NC(=O)[C@@H](NC(=O)[C@H](C)NC(=O)[C@H](CC(=O)O)NC(=O)[C@H](CO)NC(=O)[C@@H](N)Cc1c[nH]cn1)C(C)C)[C@@H](C)O)[C@@H](C)O)C(C)C)C(=O)N[C@@H](CC(C)C)C(=O)N[C@@H](CC(N)=O)C(=O)O
CHEMBL4452384,O=c1[nH]c2cc(Cl)c(Cl)cc2n1C1CCN(Cc2ccc(Cl)cc2)CC1
fentanyl,CCC(=O)N(c1ccccc1)C1CCN(CCc2ccccc2)CC1
PZM21,C[C@@H](Cc1ccsc1)NC(=O)NC[C@H](Cc1ccc(O)cc1)N(C)C
morphine,CN1CC[C@]23c4c5ccc(O)c4O[C@H]2[C@@H](O)C=C[C@H]3[C@H]1C5
OLICERIDINE,COc1ccsc1CNCC[C@@]1(c2ccccn2)CCOC2(CCCC2)C1
compound 16 [PMID: 31498617],COc1ccccc1S(=O)(=O)Nc1ccc(C)cc1Oc1ccc2c(N)nccc2c1
selatogrel,CCCCOC(=O)N1CCN(C(=O)[C@H](CP(=O)(O)O)NC(=O)c2cc(N3CC[C@H](OC)C3)nc(-c3ccccc3)n2)CC1
SOMATOSTATIN,C[C@H](N)C(=O)NCC(=O)N[C@H]1CSSC[C@@H](C(=O)O)NC(=O)[C@H](CO)NC(=O)[C@H]([C@@H](C)O)NC(=O)[C@H](Cc2ccccc2)NC(=O)[C@H]([C@@H](C)O)NC(=O)[C@H](CCCCN)NC(=O)[C@H](Cc2c[nH]c3ccccc23)NC(=O)[C@H](Cc2ccccc2)NC(=O)[C@H](Cc2ccccc2)NC(=O)[C@H](CC(N)=O)NC(=O)[C@H](CCCCN)NC1=O
strychnine,O=C1C[C@@H]2OCC=C3CN4CC[C@]56c7ccccc7N1[C@H]5[C@H]2[C@H]3C[C@H]46
[(2~{R})-2-[5-(2-hexylphenyl)pentanoylamino]-3-oxidanyl-propyl] dihydrogen phosphate,CCCCCCc1ccccc1CCCCC(=O)N[C@H](CO)COP(=O)(O)O
N-pyridin-4-ylisoquinolin-4-amine,c1ccc2c(Nc3ccncc3)cncc2c1
"5-(3-Bicyclo[4.2.0]octa-1,3,5-trienyl)-1,2,3,6-tetrahydropyridine",C1=C(c2ccc3c(c2)CC3)CNCC1
icanbelimod,CC(C)Cc1ccc(-c2nc(-c3ccc(CN4CC(C(=O)O)C4)c(F)c3)no2)cc1
sphingosine 1-phosphate,CCCCCCCCCCCCC/C=C/[C@@H](O)[C@@H](N)COP(=O)(O)O
(S)-FTY720-phosphate,CCCCCCCCc1ccc(CC[C@](N)(CO)COP(=O)(O)O)cc1
5-CT,NCCc1c[nH]c2ccc(C(N)=O)cc12
LJ-4517,CCCCC#Cc1nc(N)c2nc(-c3cccs3)n([C@@H]3OC[C@@H](O)[C@H]3O)c2n1
taltirelin,CN1C(=O)C[C@@H](C(=O)N[C@@H](Cc2cnc[nH]2)C(=O)N2CCC[C@H]2C(N)=O)NC1=O
lorcaserin,C[C@H]1CNCCc2ccc(Cl)cc21
psilocin,CN(C)CCc1c[nH]c2cccc(O)c12
APD668,CC(C)OC(=O)N1CCC(Oc2ncnc3c2cnn3-c2ccc(S(C)(=O)=O)cc2F)CC1
"(4R,7R,18E)-4,7-dihydroxy-N,N,N-trimethyl-10-oxo-3,5,9-trioxa-4-phosphaheptacos-18-en-1-aminium 4-oxide",CCCCCCCC/C=C/CCCCCCCC(=O)OC[C@@H](O)COP(=O)(O)OCC[N+](C)(C)C
CHEMBL5206530,Nc1nc(-c2ccco2)c2cc(Br)ccc2n1
"4-[6-(2-naphthalen-1-ylethoxy)-2,3,4,5-tetrahydro-1H-3-benzazepin-3-ium-3-yl]butanoic acid",O=C(O)CCC[NH+]1CCc2cccc(OCCc3cccc4ccccc34)c2CC1
"L-054,522",C[C@@H](c1c[nH]c2ccccc12)[C@@H](NC(=O)N1CCC(n2c(=O)[nH]c3ccccc32)CC1)C(=O)N[C@@H](CCCCN)C(=O)OC(C)(C)C
J-2156,Cc1ccc(S(=O)(=O)N[C@@H](CCN)C(=O)N[C@@H](Cc2ccccc2)C(N)=O)c2ccccc12
5-hydroxytryptamine,NCCc1c[nH]c2ccc(O)cc12
"(1R)-4-[7-(3-carboxypropoxy)-6-methylquinolin-8-yl]-1-{[2-(4-hydroxypiperidin-1-yl)-1,3-thiazol-4-yl]methyl}-1,4-diazepan-1-ium",Cc1cc2cccnc2c(N2CCC[NH+](Cc3csc(N4CCC(O)CC4)n3)CC2)c1OCCCC(=O)O
"(1R,2S)-N-[4-(2,6-dimethoxyphenyl)-5-(6-methylpyridin-2-yl)-1,2,4-triazol-3-yl]-1-(5-methylpyrimidin-2-yl)-1-oxidanyl-propane-2-sulfonamide",COc1cccc(OC)c1-n1c(NS(=O)(=O)[C@@H](C)[C@H](O)c2ncc(C)cn2)nnc1-c1cccc(C)n1
CHEMBL3654198,NC(N)=NC(=O)N1CCc2c(F)ccc(-c3c(F)cc(F)cc3F)c2C1
methylergonovine,CC[C@@H](CO)NC(=O)[C@@H]1C=C2c3cccc4[nH]cc(c34)C[C@H]2N(C)C1
SR146131,COc1cc(-c2nc(NC(=O)c3cc4cc(C)cc(C)c4n3CC(=O)O)sc2CCC2CCCCC2)c(OC)cc1Cl
β-alanine,NCCC(=O)O
"3-[(3R)-3-methyl-1,2,3,6-tetrahydropyridin-1-ium-5-yl]-1H-pyrrolo[2,3-b]pyridine",C[C@@H]1C=C(c2c[nH]c3ncccc23)C[NH2+]C1
CHEMBL2181246,O=C(c1cccnc1Oc1cc(Cl)ccc1Cl)N1CCCc2ccccc21
Spexin,CSCC[C@H](NC(=O)[C@H](C)NC(=O)[C@H](CCC(N)=O)NC(=O)[C@@H]1CCCN1C(=O)[C@@H](NC(=O)[C@H](Cc1c[nH]c2ccccc12)NC(=O)[C@@H](N)CC(N)=O)[C@@H](C)O)C(=O)N[C@@H](CC(C)C)C(=O)N[C@@H](Cc1ccc(O)cc1)C(=O)N[C@@H](CC(C)C)C(=O)N[C@@H](CCCCN)C(=O)NCC(=O)N[C@@H](C)C(=O)N[C@@H](CCC(N)=O)C(N)=O
WB4-24,COc1cc([C@H]2C(NC(=O)c3ccc(NC(=O)C(C)C)cc3)(C(=O)O)[C@@H](c3ccc(OC(=O)c4cccs4)c(OC)c3)C2(NC(=O)c2ccc(NC(=O)C(C)C)cc2)C(=O)O)ccc1OC(=O)c1cccs1
CHEMBL2158411,COc1cc([C@H]2[C@](NC(=O)c3ccc(NC(=O)OC(C)(C)C)cc3)(C(=O)O)[C@@H](c3ccc(OC(=O)c4cccs4)c(OC)c3)[C@]2(NC(=O)c2ccc(NC(=O)OC(C)(C)C)cc2)C(=O)O)ccc1OC(=O)c1cccs1
famotidine,NC(N)=Nc1nc(CSCC/C(N)=N/S(N)(=O)=O)cs1
meclinertant,COc1cccc(OC)c1-c1cc(C(=O)NC2(C(=O)O)C3CC4CC(C3)CC2C4)nn1-c1ccnc2cc(Cl)ccc12
"CP55940
6-methyl-3-[(1S)-2-nitro-1-thiophen-2-yl-ethyl]-2-phenyl-1H-indole",CCCCCCC(C)(C)c1ccc([C@@H]2C[C@H](O)CC[C@H]2CCCO)c(O)c1
"dopamine
mevidalen",NCCc1ccc(O)c(O)c1
tavapadon,Cc1cc(Oc2ncccc2C(F)(F)F)ccc1-c1c(C)c(=O)[nH]c(=O)n1C
CHEMBL5191519,CCn1cncc1Cn1c(CN2CCC(c3cccc(OCc4ccc(F)cc4F)n3)CC2)nc2ccc(C(=O)O)cc21
"~{N}-[(2~{R})-1-[[(1~{R},3~{S})-3-(aminomethyl)cyclohexyl]methylamino]-3-(1~{H}-indol-3-yl)-1-oxidanylidene-propan-2-yl]spiro[indene-1,4'-piperidine]-1'-carboxamide",NC[C@H]1CCC[C@@H](CNC(=O)[C@@H](Cc2c[nH]c3ccccc23)NC(=O)N2CCC3(C=Cc4ccccc43)CC2)C1
methyl 4-[4-(3-methyl-2-oxidanylidene-benzimidazol-1-yl)piperidin-1-yl]piperidine-1-carboxylate,COC(=O)N1CCC(N2CCC(n3c(=O)n(C)c4ccccc43)CC2)CC1
"iperoxo
LY2119620",C[N+](C)(C)CC#CCOC1=NOCC1
"UK-432,097",CCNC(=O)[C@H]1O[C@@H](n2cnc3c(NCC(c4ccccc4)c4ccccc4)nc(C(=O)NCCNC(=O)NC4CCN(c5ccccn5)CC4)nc32)[C@H](O)[C@@H]1O
(-)-noradrenaline,NC[C@H](O)c1ccc(O)c(O)c1
brimonidine (UK14304),Brc1c(NC2=NCCN2)ccc2nccnc12
compound 2 [PMID: 24793972],CCCc1ccc(-c2ccc(N(C[C@@H](N)[C@@H](C)CC)C(=O)[C@@H]3C[C@H]3c3ccccn3)cc2)cc1
calcitonin (salmon synthetic),CC(C)C[C@H](NC(=O)[C@H](CCCCN)NC(=O)CNC(=O)[C@H](CC(C)C)NC(=O)[C@@H](NC(=O)[C@@H]1CSSC[C@H](N)C(=O)N[C@@H](CO)C(=O)N[C@@H](CC(N)=O)C(=O)N[C@@H](CC(C)C)C(=O)N[C@@H](CO)C(=O)N[C@@H]([C@@H](C)O)C(=O)N1)C(C)C)C(=O)N[C@@H](CO)C(=O)N[C@@H](CCC(N)=O)C(=O)N[C@@H](CCC(=O)O)C(=O)N[C@@H](CC(C)C)C(=O)N[C@@H](Cc1c[nH]cn1)C(=O)N[C@@H](CCCCN)C(=O)N[C@@H](CC(C)C)C(=O)N[C@@H](CCC(N)=O)C(=O)N[C@H](C(=O)N[C@@H](Cc1ccc(O)cc1)C(=O)N1CCC[C@H]1C(=O)N[C@@H](CCCNC(=N)N)C(=O)N[C@H](C(=O)N[C@@H](CC(N)=O)C(=O)N[C@H](C(=O)NCC(=O)N[C@@H](CO)C(=O)NCC(=O)N[C@H](C(=O)N1CCC[C@H]1C(N)=O)[C@@H](C)O)[C@@H](C)O)[C@@H](C)O)[C@@H](C)O
CHEMBL4081453,COc1cccc(C(=O)N[C@H]2C[C@@](N)(C(=O)O)[C@@H]3[C@@H](C(=O)O)[C@H]23)c1
LTB4,CCCCC/C=C\C[C@@H](O)/C=C/C=C/C=C\[C@@H](O)CCCC(=O)O
